{
  "accuracy": 0.9565217391304348,
  "macro_f1": 0.9523809523809524,
  "weighted_f1": 0.9565217391304348,
  "classification_report": {
    "gastrointestinal": {
      "precision": 1.0,
      "recall": 1.0,
      "f1-score": 1.0,
      "support": 4.0
    },
    "mental_health_sleep": {
      "precision": 0.75,
      "recall": 1.0,
      "f1-score": 0.8571428571428571,
      "support": 3.0
    },
    "musculoskeletal": {
      "precision": 1.0,
      "recall": 1.0,
      "f1-score": 1.0,
      "support": 4.0
    },
    "neurological": {
      "precision": 1.0,
      "recall": 0.75,
      "f1-score": 0.8571428571428571,
      "support": 4.0
    },
    "respiratory": {
      "precision": 1.0,
      "recall": 1.0,
      "f1-score": 1.0,
      "support": 4.0
    },
    "skin": {
      "precision": 1.0,
      "recall": 1.0,
      "f1-score": 1.0,
      "support": 4.0
    },
    "accuracy": 0.9565217391304348,
    "macro avg": {
      "precision": 0.9583333333333334,
      "recall": 0.9583333333333334,
      "f1-score": 0.9523809523809524,
      "support": 23.0
    },
    "weighted avg": {
      "precision": 0.967391304347826,
      "recall": 0.9565217391304348,
      "f1-score": 0.9565217391304348,
      "support": 23.0
    }
  }
}